tenor,rate
0.08333333333333333,0.037200
0.25,0.036900
0.5,0.037600
1.0,0.037900
2.0,0.040000
5.0,0.041300
10.0,0.044700
30.0,0.050200
